id,nome,lat,lon,grupo,condicoes,prioridade,dias_desde_ultima_visita,intervalo_maximo_dias,requer_pa,requer_glicemia,requer_temperatura,requer_antropometria,requer_orientacao_medicacao,requer_vacinal,exige_protecao_respiratoria
p1,Paciente 01,-30.036200,-51.214100,pessoa_idosa,hipertensao,2,27,30,sim,nao,nao,nao,sim,sim,nao
p2,Paciente 02,-30.034100,-51.220300,adulto,diabetes_mellitus_2,3,31,30,sim,sim,nao,nao,nao,nao,nao
p3,Paciente 03,-30.030800,-51.216700,gestante,pre_natal_2o_trimestre,3,14,15,sim,nao,nao,sim,nao,sim,nao
p4,Paciente 04,-30.043500,-51.224600,adulto,diabetes_mellitus_2;hipertensao,3,35,30,sim,sim,nao,nao,nao,nao,nao
p5,Paciente 05,-30.047100,-51.215800,crianca,puericultura,2,22,30,nao,nao,nao,sim,nao,sim,nao
p6,Paciente 06,-30.038900,-51.228100,pessoa_idosa,diabetes_mellitus_2,2,29,30,nao,sim,nao,nao,sim,sim,nao
p7,Paciente 07,-30.033400,-51.209400,adulto,sintomatico_respiratorio_em_investigacao,1,18,30,sim,nao,sim,nao,nao,nao,sim
p8,Paciente 08,-30.045200,-51.211900,pessoa_idosa,diabetes_mellitus_2;hipertensao,3,33,30,sim,sim,nao,nao,nao,sim,nao
p9,Paciente 09,-30.031800,-51.222900,adulto,sem_condicao_cronica,1,12,30,nao,nao,nao,nao,nao,nao,nao
p10,Paciente 10,-30.048900,-51.220500,lactante,puerperio,3,20,15,sim,nao,nao,sim,nao,sim,nao
